Shinjuku_Minami-Shinjuku,
Minami-Shinjuku_Minami-Shinjuku,
Minami-Shinjuku_Sangūbashi,
Sangūbashi_Sangūbashi,
Sangūbashi_Yoyogi-Hachiman,
Yoyogi-Hachiman_Yoyogi-Hachiman,
Yoyogi-Hachiman_Yoyogi-Uehara,
Yoyogi-Uehara_Yoyogi-Uehara,
Yoyogi-Uehara_Higashi-Kitazawa,
Higashi-Kitazawa_Higashi-Kitazawa,
Higashi-Kitazawa_Shimo-Kitazawa,
Shimo-Kitazawa_Shimo-Kitazawa,
Shimo-Kitazawa_Setagaya-Daita,
Setagaya-Daita_Setagaya-Daita,
Setagaya-Daita_Umegaoka,
Umegaoka_Umegaoka,
Umegaoka_Gōtokuji,
Gōtokuji_Gōtokuji,
Gōtokuji_Kyōdō,
Kyōdō_Kyōdō,
Kyōdō_Chitose-Funabashi,
Chitose-Funabashi_Chitose-Funabashi,
Chitose-Funabashi_Soshigaya-Ōkura,
Soshigaya-Ōkura_Soshigaya-Ōkura,
Soshigaya-Ōkura_Seijōgakuen-Mae,
Seijōgakuen-Mae_Seijōgakuen-Mae,
Seijōgakuen-Mae_Kitami,
Kitami_Kitami,
Kitami_Komae,
Komae_Komae,
Komae_Izumi-Tamagawa,
Izumi-Tamagawa_Izumi-Tamagawa,
Izumi-Tamagawa_Noborito,
Noborito_Noborito,
Noborito_Mukōgaoka-Yūen,
Mukōgaoka-Yūen_Mukōgaoka-Yūen,
Mukōgaoka-Yūen_Ikuta,
Ikuta_Ikuta,
Ikuta_Yomiuri-Land-mae,
Yomiuri-Land-mae_Yomiuri-Land-mae,
Yomiuri-Land-mae_Yurigaoka,
Yurigaoka_Yurigaoka,
Yurigaoka_Shin-Yurigaoka,
Shin-Yurigaoka_Shin-Yurigaoka,
Shin-Yurigaoka_Kakio,
Kakio_Kakio,
Kakio_Tsurukawa,
Tsurukawa_Tsurukawa,
Tsurukawa_Tamagawagakuen-mae,
Tamagawagakuen-mae_Tamagawagakuen-mae,
Tamagawagakuen-mae_Machida,
Machida_Machida,
Machida_Sagami-Ōno,
Sagami-Ōno_Sagami-Ōno,
Sagami-Ōno_Odakyū-Sagamihara,
Odakyū-Sagamihara_Odakyū-Sagamihara,
Odakyū-Sagamihara_Sōbudai-mae,
Sōbudai-mae_Sōbudai-mae,
Sōbudai-mae_Zama,
Zama_Zama,
Zama_Ebina,
Ebina_Ebina,
Ebina_Atsugi,
Atsugi_Atsugi,
Atsugi_Hon-Atsugi,
Hon-Atsugi_Hon-Atsugi,
Hon-Atsugi_Aikō-Ishida,
Aikō-Ishida_Aikō-Ishida,
Aikō-Ishida_Isehara,
Isehara_Isehara,
Isehara_Tsurumaki-Onsen,
Tsurumaki-Onsen_Tsurumaki-Onsen,
Tsurumaki-Onsen_Tōkaidaigaku-mae,
Tōkaidaigaku-mae_Tōkaidaigaku-mae,
Tōkaidaigaku-mae_Hadano,
Hadano_Hadano,
Hadano_Shibusawa,
Shibusawa_Shibusawa,
Shibusawa_Shin-Matsuda,
Shin-Matsuda_Shin-Matsuda,
Shin-Matsuda_Kaisei,
Kaisei_Kaisei,
Kaisei_Kayama,
Kayama_Kayama,
Kayama_Tomizu,
Tomizu_Tomizu,
Tomizu_Hotaruda,
Hotaruda_Hotaruda,
Hotaruda_Ashigara,
Ashigara_Ashigara,
Ashigara_Odawara,
Odawara_Odawara,